{
  "mobile": [
    {
      "mobId": 1001,
      "mobName": "iPhone",
      "mobPrice": 76661.1
    },
    {
      "mobId": 1002,
      "mobName": "Micromax",
      "mobPrice": 126661.1
    },
    {
      "mobId": 1003,
      "mobName": "Coolpad",
      "mobPrice": 7823
    },
    {
      "mobId": 1004,
      "mobName": "HTC",
      "mobPrice": 8876
    },
    {
      "mobId": 1005,
      "mobName": "LG",
      "mobPrice": 46661.1
    },
    {
      "id": 10021,
      "mobName": "Redmi",
      "mobPrice": 18900
    }
  ]
}