{
  "mobile": [
    {
      "mobId": 1001,
      "mobName": "iPhone",
      "mobPrice": 76661.6
    },
    {
      "mobId": 1002,
      "mobName": "MicroMax",
      "mobPrice": 26661.1
    },
    {
      "mobId": 1003,
      "mobName": "Coolpad",
      "mobPrice": 7823
    },
    {
      "mobId": 1004,
      "mobName": "HTC",
      "mobPrice": 8876
    },
    {
      "mobId": 1005,
      "mobName": "LG",
      "mobPrice": 46661.6
    },
    {
      "id": 1006,
      "mobName": "iPhone",
      "mobPrice": 96661.6
    },
    {
      "id": 1007,
      "mobName": "RedMi",
      "mobPrice": 87777.6
    }
  ]
}