{
  "prod": [
    {
      "id": 1,
      "proName": "scissors",
      "prodescription": "use this to cut stuff",
      "price": 4.99
    },
    {
      "id": 2,
      "proName": "Seak knifes the",
      "prodescription": "use this to eat food",
      "price": 10.99
    },
    {
      "id": 3,
      "proName": "skewers",
      "prodescription": "use this to roast food",
      "price": 23.45
    },
    {
      "id": 4,
      "proName": "baking tray",
      "prodescription": "use this to bake food",
      "price": 33.45
    },
    {
      "id": 6,
      "proName": "fitbit",
      "prodescription": "use this to track fitness",
      "price": 43.45
    },
    {
      "id": 7,
      "proName": "data",
      "prodescription": "use this to store data",
      "price": 53.45
    },
    {
      "id": "10",
      "proName": "Shirts",
      "prodescription": "black",
      "price": "36",
      "category": "cloths",
      "length": "36",
      "color": "red",
      "extra": "wah tera kya"
    },
    {
      "id": "70",
      "proName": "Pants",
      "prodescription": "black",
      "price": "600"
    },
    {
      "id": "32",
      "proName": "Hira",
      "prodescription": "hira lal",
      "price": "458"
    },
    {
      "category": "mobile",
      "id": "21",
      "proName": "Mi",
      "prodescription": "sda",
      "price": "23",
      "ram": "20",
      "rom": "212",
      "processor": "54",
      "length": "42",
      "battery": "56",
      "color": "red",
      "extra": "jghd"
    },
    {
      "category": "mobile",
      "id": "125",
      "proName": "Rich",
      "prodescription": "HI",
      "price": "200",
      "ram": "10",
      "rom": "20",
      "processor": "30",
      "length": "55",
      "battery": "46",
      "color": "rd",
      "extra": "431"
    }
  ]
}